 0.00000E+00 ;  7.00000E+00 ;  0.00000E+00
 1.74533E-02 ;  6.99936E+00 ; -2.32715E-02
 3.49066E-02 ;  6.99743E+00 ; -4.65458E-02
 5.23599E-02 ;  6.99421E+00 ; -6.98256E-02
 6.98132E-02 ;  6.98971E+00 ; -9.31136E-02
 8.72665E-02 ;  6.98393E+00 ; -1.16413E-01
 1.04720E-01 ;  6.97686E+00 ; -1.39725E-01
 1.22173E-01 ;  6.96852E+00 ; -1.63055E-01
 1.39626E-01 ;  6.95889E+00 ; -1.86403E-01
 1.57080E-01 ;  6.94799E+00 ; -2.09773E-01
 1.74533E-01 ;  6.93581E+00 ; -2.33168E-01
 1.91986E-01 ;  6.92236E+00 ; -2.56590E-01
 2.09440E-01 ;  6.90764E+00 ; -2.80042E-01
 2.26893E-01 ;  6.89165E+00 ; -3.03526E-01
 2.44346E-01 ;  6.87440E+00 ; -3.27046E-01
 2.61799E-01 ;  6.85589E+00 ; -3.50603E-01
 2.79253E-01 ;  6.83613E+00 ; -3.74200E-01
 2.96706E-01 ;  6.81511E+00 ; -3.97840E-01
 3.14159E-01 ;  6.79285E+00 ; -4.21525E-01
 3.31613E-01 ;  6.76935E+00 ; -4.45257E-01
 3.49066E-01 ;  6.74461E+00 ; -4.69039E-01
 3.66519E-01 ;  6.71864E+00 ; -4.92874E-01
 3.83972E-01 ;  6.69144E+00 ; -5.16763E-01
 4.01426E-01 ;  6.66303E+00 ; -5.40708E-01
 4.18879E-01 ;  6.63340E+00 ; -5.64714E-01
 4.36332E-01 ;  6.60256E+00 ; -5.88780E-01
 4.53786E-01 ;  6.57053E+00 ; -6.12909E-01
 4.71239E-01 ;  6.53730E+00 ; -6.37104E-01
 4.88692E-01 ;  6.50288E+00 ; -6.61366E-01
 5.06145E-01 ;  6.46728E+00 ; -6.85698E-01
 5.23599E-01 ;  6.43051E+00 ; -7.10101E-01
 5.41052E-01 ;  6.39258E+00 ; -7.34577E-01
 5.58505E-01 ;  6.35349E+00 ; -7.59127E-01
 5.75959E-01 ;  6.31326E+00 ; -7.83755E-01
 5.93412E-01 ;  6.27189E+00 ; -8.08460E-01
 6.10865E-01 ;  6.22938E+00 ; -8.33246E-01
 6.28319E-01 ;  6.18576E+00 ; -8.58113E-01
 6.45772E-01 ;  6.14103E+00 ; -8.83062E-01
 6.63225E-01 ;  6.09519E+00 ; -9.08096E-01
 6.80678E-01 ;  6.04826E+00 ; -9.33215E-01
 6.98132E-01 ;  6.00025E+00 ; -9.58421E-01
 7.15585E-01 ;  5.95117E+00 ; -9.83714E-01
 7.33038E-01 ;  5.90103E+00 ; -1.00910E+00
 7.50492E-01 ;  5.84983E+00 ; -1.03457E+00
 7.67945E-01 ;  5.79760E+00 ; -1.06013E+00
 7.85398E-01 ;  5.74434E+00 ; -1.08579E+00
 8.02851E-01 ;  5.69006E+00 ; -1.11153E+00
 8.20305E-01 ;  5.63478E+00 ; -1.13737E+00
 8.37758E-01 ;  5.57850E+00 ; -1.16331E+00
 8.55211E-01 ;  5.52124E+00 ; -1.18933E+00
 8.72665E-01 ;  5.46301E+00 ; -1.21546E+00
 8.90118E-01 ;  5.40383E+00 ; -1.24167E+00
 9.07571E-01 ;  5.34370E+00 ; -1.26798E+00
 9.25025E-01 ;  5.28264E+00 ; -1.29439E+00
 9.42478E-01 ;  5.22066E+00 ; -1.32089E+00
 9.59931E-01 ;  5.15777E+00 ; -1.34749E+00
 9.77384E-01 ;  5.09399E+00 ; -1.37418E+00
 9.94838E-01 ;  5.02933E+00 ; -1.40097E+00
 1.01229E+00 ;  4.96381E+00 ; -1.42785E+00
 1.02974E+00 ;  4.89743E+00 ; -1.45482E+00
 1.04720E+00 ;  4.83022E+00 ; -1.48189E+00
 1.06465E+00 ;  4.76219E+00 ; -1.50905E+00
 1.08210E+00 ;  4.69334E+00 ; -1.53630E+00
 1.09956E+00 ;  4.62370E+00 ; -1.56364E+00
 1.11701E+00 ;  4.55329E+00 ; -1.59107E+00
 1.13446E+00 ;  4.48210E+00 ; -1.61859E+00
 1.15192E+00 ;  4.41017E+00 ; -1.64620E+00
 1.16937E+00 ;  4.33750E+00 ; -1.67390E+00
 1.18682E+00 ;  4.26412E+00 ; -1.70168E+00
 1.20428E+00 ;  4.19003E+00 ; -1.72954E+00
 1.22173E+00 ;  4.11525E+00 ; -1.75748E+00
 1.23918E+00 ;  4.03980E+00 ; -1.78551E+00
 1.25664E+00 ;  3.96369E+00 ; -1.81361E+00
 1.27409E+00 ;  3.88694E+00 ; -1.84179E+00
 1.29154E+00 ;  3.80956E+00 ; -1.87004E+00
 1.30900E+00 ;  3.73158E+00 ; -1.89837E+00
 1.32645E+00 ;  3.65300E+00 ; -1.92677E+00
 1.34390E+00 ;  3.57384E+00 ; -1.95523E+00
 1.36136E+00 ;  3.49413E+00 ; -1.98376E+00
 1.37881E+00 ;  3.41387E+00 ; -2.01235E+00
 1.39626E+00 ;  3.33309E+00 ; -2.04100E+00
 1.41372E+00 ;  3.25180E+00 ; -2.06971E+00
 1.43117E+00 ;  3.17001E+00 ; -2.09847E+00
 1.44862E+00 ;  3.08774E+00 ; -2.12728E+00
 1.46608E+00 ;  3.00502E+00 ; -2.15614E+00
 1.48353E+00 ;  2.92186E+00 ; -2.18505E+00
 1.50098E+00 ;  2.83827E+00 ; -2.21400E+00
 1.51844E+00 ;  2.75427E+00 ; -2.24298E+00
 1.53589E+00 ;  2.66988E+00 ; -2.27200E+00
 1.55334E+00 ;  2.58512E+00 ; -2.30105E+00
 1.57080E+00 ;  2.50000E+00 ; -2.33013E+00
 1.58825E+00 ;  2.41454E+00 ; -2.35923E+00
 1.60570E+00 ;  2.32877E+00 ; -2.38835E+00
 1.62316E+00 ;  2.24269E+00 ; -2.41748E+00
 1.64061E+00 ;  2.15632E+00 ; -2.44662E+00
 1.65806E+00 ;  2.06968E+00 ; -2.47577E+00
 1.67552E+00 ;  1.98280E+00 ; -2.50493E+00
 1.69297E+00 ;  1.89568E+00 ; -2.53408E+00
 1.71042E+00 ;  1.80835E+00 ; -2.56322E+00
 1.72788E+00 ;  1.72081E+00 ; -2.59235E+00
 1.74533E+00 ;  1.63310E+00 ; -2.62147E+00
 1.76278E+00 ;  1.54523E+00 ; -2.65056E+00
 1.78024E+00 ;  1.45721E+00 ; -2.67962E+00
 1.79769E+00 ;  1.36906E+00 ; -2.70866E+00
 1.81514E+00 ;  1.28081E+00 ; -2.73766E+00
 1.83260E+00 ;  1.19246E+00 ; -2.76661E+00
 1.85005E+00 ;  1.10404E+00 ; -2.79552E+00
 1.86750E+00 ;  1.01557E+00 ; -2.82437E+00
 1.88496E+00 ;  9.27051E-01 ; -2.85317E+00
 1.90241E+00 ;  8.38516E-01 ; -2.88190E+00
 1.91986E+00 ;  7.49976E-01 ; -2.91056E+00
 1.93732E+00 ;  6.61450E-01 ; -2.93915E+00
 1.95477E+00 ;  5.72957E-01 ; -2.96765E+00
 1.97222E+00 ;  4.84514E-01 ; -2.99607E+00
 1.98968E+00 ;  3.96136E-01 ; -3.02439E+00
 2.00713E+00 ;  3.07843E-01 ; -3.05261E+00
 2.02458E+00 ;  2.19651E-01 ; -3.08072E+00
 2.04204E+00 ;  1.31577E-01 ; -3.10873E+00
 2.05949E+00 ;  4.36397E-02 ; -3.13661E+00
 2.07694E+00 ; -4.41452E-02 ; -3.16436E+00
 2.09440E+00 ; -1.31760E-01 ; -3.19199E+00
 2.11185E+00 ; -2.19186E-01 ; -3.21947E+00
 2.12930E+00 ; -3.06411E-01 ; -3.24681E+00
 2.14675E+00 ; -3.93413E-01 ; -3.27400E+00
 2.16421E+00 ; -4.80178E-01 ; -3.30103E+00
 2.18166E+00 ; -5.66688E-01 ; -3.32789E+00
 2.19912E+00 ; -6.52929E-01 ; -3.35458E+00
 2.21657E+00 ; -7.38881E-01 ; -3.38108E+00
 2.23402E+00 ; -8.24529E-01 ; -3.40740E+00
 2.25147E+00 ; -9.09859E-01 ; -3.43353E+00
 2.26893E+00 ; -9.94851E-01 ; -3.45945E+00
 2.28638E+00 ; -1.07949E+00 ; -3.48517E+00
 2.30383E+00 ; -1.16376E+00 ; -3.51066E+00
 2.32129E+00 ; -1.24765E+00 ; -3.53594E+00
 2.33874E+00 ; -1.33114E+00 ; -3.56098E+00
 2.35619E+00 ; -1.41421E+00 ; -3.58579E+00
 2.37365E+00 ; -1.49686E+00 ; -3.61034E+00
 2.39110E+00 ; -1.57905E+00 ; -3.63465E+00
 2.40855E+00 ; -1.66079E+00 ; -3.65869E+00
 2.42601E+00 ; -1.74205E+00 ; -3.68247E+00
 2.44346E+00 ; -1.82281E+00 ; -3.70597E+00
 2.46091E+00 ; -1.90308E+00 ; -3.72918E+00
 2.47837E+00 ; -1.98282E+00 ; -3.75210E+00
 2.49582E+00 ; -2.06202E+00 ; -3.77472E+00
 2.51327E+00 ; -2.14068E+00 ; -3.79704E+00
 2.53073E+00 ; -2.21877E+00 ; -3.81904E+00
 2.54818E+00 ; -2.29628E+00 ; -3.84072E+00
 2.56563E+00 ; -2.37321E+00 ; -3.86206E+00
 2.58309E+00 ; -2.44953E+00 ; -3.88307E+00
 2.60054E+00 ; -2.52522E+00 ; -3.90373E+00
 2.61799E+00 ; -2.60029E+00 ; -3.92404E+00
 2.63545E+00 ; -2.67471E+00 ; -3.94398E+00
 2.65290E+00 ; -2.74848E+00 ; -3.96356E+00
 2.67035E+00 ; -2.82157E+00 ; -3.98276E+00
 2.68781E+00 ; -2.89398E+00 ; -4.00157E+00
 2.70526E+00 ; -2.96569E+00 ; -4.01999E+00
 2.72271E+00 ; -3.03670E+00 ; -4.03801E+00
 2.74017E+00 ; -3.10699E+00 ; -4.05561E+00
 2.75762E+00 ; -3.17654E+00 ; -4.07281E+00
 2.77507E+00 ; -3.24535E+00 ; -4.08957E+00
 2.79253E+00 ; -3.31340E+00 ; -4.10591E+00
 2.80998E+00 ; -3.38069E+00 ; -4.12180E+00
 2.82743E+00 ; -3.44720E+00 ; -4.13725E+00
 2.84489E+00 ; -3.51292E+00 ; -4.15224E+00
 2.86234E+00 ; -3.57784E+00 ; -4.16677E+00
 2.87979E+00 ; -3.64195E+00 ; -4.18083E+00
 2.89725E+00 ; -3.70524E+00 ; -4.19440E+00
 2.91470E+00 ; -3.76771E+00 ; -4.20750E+00
 2.93215E+00 ; -3.82933E+00 ; -4.22010E+00
 2.94961E+00 ; -3.89010E+00 ; -4.23219E+00
 2.96706E+00 ; -3.95001E+00 ; -4.24378E+00
 2.98451E+00 ; -4.00906E+00 ; -4.25486E+00
 3.00197E+00 ; -4.06723E+00 ; -4.26541E+00
 3.01942E+00 ; -4.12451E+00 ; -4.27543E+00
 3.03687E+00 ; -4.18090E+00 ; -4.28491E+00
 3.05433E+00 ; -4.23639E+00 ; -4.29385E+00
 3.07178E+00 ; -4.29096E+00 ; -4.30224E+00
 3.08923E+00 ; -4.34462E+00 ; -4.31007E+00
 3.10669E+00 ; -4.39735E+00 ; -4.31733E+00
 3.12414E+00 ; -4.44914E+00 ; -4.32402E+00
 3.14159E+00 ; -4.50000E+00 ; -4.33013E+00
 3.15905E+00 ; -4.54991E+00 ; -4.33565E+00
 3.17650E+00 ; -4.59886E+00 ; -4.34058E+00
 3.19395E+00 ; -4.64686E+00 ; -4.34491E+00
 3.21141E+00 ; -4.69388E+00 ; -4.34864E+00
 3.22886E+00 ; -4.73993E+00 ; -4.35175E+00
 3.24631E+00 ; -4.78501E+00 ; -4.35424E+00
 3.26377E+00 ; -4.82910E+00 ; -4.35611E+00
 3.28122E+00 ; -4.87220E+00 ; -4.35735E+00
 3.29867E+00 ; -4.91430E+00 ; -4.35795E+00
 3.31613E+00 ; -4.95541E+00 ; -4.35791E+00
 3.33358E+00 ; -4.99551E+00 ; -4.35722E+00
 3.35103E+00 ; -5.03460E+00 ; -4.35588E+00
 3.36849E+00 ; -5.07268E+00 ; -4.35387E+00
 3.38594E+00 ; -5.10975E+00 ; -4.35120E+00
 3.40339E+00 ; -5.14579E+00 ; -4.34786E+00
 3.42085E+00 ; -5.18081E+00 ; -4.34384E+00
 3.43830E+00 ; -5.21480E+00 ; -4.33914E+00
 3.45575E+00 ; -5.24777E+00 ; -4.33376E+00
 3.47321E+00 ; -5.27970E+00 ; -4.32768E+00
 3.49066E+00 ; -5.31059E+00 ; -4.32091E+00
 3.50811E+00 ; -5.34045E+00 ; -4.31344E+00
 3.52557E+00 ; -5.36927E+00 ; -4.30526E+00
 3.54302E+00 ; -5.39705E+00 ; -4.29637E+00
 3.56047E+00 ; -5.42379E+00 ; -4.28677E+00
 3.57792E+00 ; -5.44948E+00 ; -4.27644E+00
 3.59538E+00 ; -5.47413E+00 ; -4.26540E+00
 3.61283E+00 ; -5.49774E+00 ; -4.25363E+00
 3.63029E+00 ; -5.52030E+00 ; -4.24114E+00
 3.64774E+00 ; -5.54181E+00 ; -4.22791E+00
 3.66519E+00 ; -5.56227E+00 ; -4.21394E+00
 3.68265E+00 ; -5.58169E+00 ; -4.19923E+00
 3.70010E+00 ; -5.60007E+00 ; -4.18378E+00
 3.71755E+00 ; -5.61740E+00 ; -4.16759E+00
 3.73500E+00 ; -5.63368E+00 ; -4.15064E+00
 3.75246E+00 ; -5.64892E+00 ; -4.13295E+00
 3.76991E+00 ; -5.66312E+00 ; -4.11450E+00
 3.78736E+00 ; -5.67628E+00 ; -4.09529E+00
 3.80482E+00 ; -5.68840E+00 ; -4.07533E+00
 3.82227E+00 ; -5.69948E+00 ; -4.05461E+00
 3.83972E+00 ; -5.70953E+00 ; -4.03312E+00
 3.85718E+00 ; -5.71854E+00 ; -4.01087E+00
 3.87463E+00 ; -5.72653E+00 ; -3.98786E+00
 3.89208E+00 ; -5.73349E+00 ; -3.96408E+00
 3.90954E+00 ; -5.73943E+00 ; -3.93953E+00
 3.92699E+00 ; -5.74434E+00 ; -3.91421E+00
 3.94444E+00 ; -5.74824E+00 ; -3.88813E+00
 3.96190E+00 ; -5.75112E+00 ; -3.86127E+00
 3.97935E+00 ; -5.75300E+00 ; -3.83365E+00
 3.99680E+00 ; -5.75387E+00 ; -3.80525E+00
 4.01426E+00 ; -5.75374E+00 ; -3.77608E+00
 4.03171E+00 ; -5.75261E+00 ; -3.74615E+00
 4.04916E+00 ; -5.75049E+00 ; -3.71544E+00
 4.06662E+00 ; -5.74739E+00 ; -3.68396E+00
 4.08407E+00 ; -5.74330E+00 ; -3.65172E+00
 4.10152E+00 ; -5.73823E+00 ; -3.61870E+00
 4.11898E+00 ; -5.73220E+00 ; -3.58492E+00
 4.13643E+00 ; -5.72520E+00 ; -3.55037E+00
 4.15388E+00 ; -5.71724E+00 ; -3.51506E+00
 4.17134E+00 ; -5.70832E+00 ; -3.47899E+00
 4.18879E+00 ; -5.69846E+00 ; -3.44215E+00
 4.20624E+00 ; -5.68766E+00 ; -3.40456E+00
 4.22370E+00 ; -5.67593E+00 ; -3.36620E+00
 4.24115E+00 ; -5.66326E+00 ; -3.32710E+00
 4.25860E+00 ; -5.64968E+00 ; -3.28724E+00
 4.27606E+00 ; -5.63518E+00 ; -3.24663E+00
 4.29351E+00 ; -5.61978E+00 ; -3.20528E+00
 4.31096E+00 ; -5.60348E+00 ; -3.16318E+00
 4.32842E+00 ; -5.58629E+00 ; -3.12034E+00
 4.34587E+00 ; -5.56821E+00 ; -3.07677E+00
 4.36332E+00 ; -5.54926E+00 ; -3.03246E+00
 4.38078E+00 ; -5.52945E+00 ; -2.98743E+00
 4.39823E+00 ; -5.50877E+00 ; -2.94167E+00
 4.41568E+00 ; -5.48725E+00 ; -2.89519E+00
 4.43314E+00 ; -5.46488E+00 ; -2.84800E+00
 4.45059E+00 ; -5.44168E+00 ; -2.80009E+00
 4.46804E+00 ; -5.41765E+00 ; -2.75148E+00
 4.48550E+00 ; -5.39281E+00 ; -2.70217E+00
 4.50295E+00 ; -5.36716E+00 ; -2.65216E+00
 4.52040E+00 ; -5.34072E+00 ; -2.60146E+00
 4.53786E+00 ; -5.31349E+00 ; -2.55008E+00
 4.55531E+00 ; -5.28548E+00 ; -2.49802E+00
 4.57276E+00 ; -5.25670E+00 ; -2.44529E+00
 4.59022E+00 ; -5.22716E+00 ; -2.39188E+00
 4.60767E+00 ; -5.19688E+00 ; -2.33783E+00
 4.62512E+00 ; -5.16585E+00 ; -2.28311E+00
 4.64258E+00 ; -5.13410E+00 ; -2.22775E+00
 4.66003E+00 ; -5.10163E+00 ; -2.17176E+00
 4.67748E+00 ; -5.06844E+00 ; -2.11513E+00
 4.69494E+00 ; -5.03457E+00 ; -2.05787E+00
 4.71239E+00 ; -5.00000E+00 ; -2.00000E+00
 4.72984E+00 ; -4.96476E+00 ; -1.94152E+00
 4.74730E+00 ; -4.92885E+00 ; -1.88244E+00
 4.76475E+00 ; -4.89228E+00 ; -1.82276E+00
 4.78220E+00 ; -4.85507E+00 ; -1.76250E+00
 4.79966E+00 ; -4.81723E+00 ; -1.70167E+00
 4.81711E+00 ; -4.77876E+00 ; -1.64026E+00
 4.83456E+00 ; -4.73969E+00 ; -1.57830E+00
 4.85202E+00 ; -4.70001E+00 ; -1.51579E+00
 4.86947E+00 ; -4.65974E+00 ; -1.45273E+00
 4.88692E+00 ; -4.61889E+00 ; -1.38915E+00
 4.90438E+00 ; -4.57748E+00 ; -1.32505E+00
 4.92183E+00 ; -4.53552E+00 ; -1.26043E+00
 4.93928E+00 ; -4.49301E+00 ; -1.19531E+00
 4.95674E+00 ; -4.44996E+00 ; -1.12970E+00
 4.97419E+00 ; -4.40640E+00 ; -1.06361E+00
 4.99164E+00 ; -4.36233E+00 ; -9.97047E-01
 5.00910E+00 ; -4.31776E+00 ; -9.30026E-01
 5.02655E+00 ; -4.27270E+00 ; -8.62554E-01
 5.04400E+00 ; -4.22717E+00 ; -7.94644E-01
 5.06145E+00 ; -4.18118E+00 ; -7.26306E-01
 5.07891E+00 ; -4.13474E+00 ; -6.57551E-01
 5.09636E+00 ; -4.08786E+00 ; -5.88391E-01
 5.11381E+00 ; -4.04056E+00 ; -5.18838E-01
 5.13127E+00 ; -3.99283E+00 ; -4.48902E-01
 5.14872E+00 ; -3.94471E+00 ; -3.78600E-01
 5.16617E+00 ; -3.89619E+00 ; -3.07935E-01
 5.18363E+00 ; -3.84730E+00 ; -2.36927E-01
 5.20108E+00 ; -3.79804E+00 ; -1.65586E-01
 5.21853E+00 ; -3.74842E+00 ; -9.39224E-02
 5.23599E+00 ; -3.69846E+00 ; -2.19485E-02
 5.25344E+00 ; -3.64817E+00 ;  5.03169E-02
 5.27089E+00 ; -3.59756E+00 ;  1.22870E-01
 5.28835E+00 ; -3.54664E+00 ;  1.95692E-01
 5.30580E+00 ; -3.49543E+00 ;  2.68771E-01
 5.32325E+00 ; -3.44393E+00 ;  3.42097E-01
 5.34071E+00 ; -3.39216E+00 ;  4.15650E-01
 5.35816E+00 ; -3.34013E+00 ;  4.89422E-01
 5.37561E+00 ; -3.28785E+00 ;  5.63398E-01
 5.39307E+00 ; -3.23533E+00 ;  6.37563E-01
 5.41052E+00 ; -3.18259E+00 ;  7.11906E-01
 5.42797E+00 ; -3.12963E+00 ;  7.86414E-01
 5.44543E+00 ; -3.07648E+00 ;  8.61069E-01
 5.46288E+00 ; -3.02313E+00 ;  9.35858E-01
 5.48033E+00 ; -2.96960E+00 ;  1.01077E+00
 5.49779E+00 ; -2.91591E+00 ;  1.08579E+00
 5.51524E+00 ; -2.86207E+00 ;  1.16090E+00
 5.53269E+00 ; -2.80807E+00 ;  1.23608E+00
 5.55015E+00 ; -2.75395E+00 ;  1.31134E+00
 5.56760E+00 ; -2.69970E+00 ;  1.38664E+00
 5.58505E+00 ; -2.64535E+00 ;  1.46197E+00
 5.60251E+00 ; -2.59090E+00 ;  1.53732E+00
 5.61996E+00 ; -2.53635E+00 ;  1.61268E+00
 5.63741E+00 ; -2.48174E+00 ;  1.68803E+00
 5.65487E+00 ; -2.42705E+00 ;  1.76336E+00
 5.67232E+00 ; -2.37231E+00 ;  1.83864E+00
 5.68977E+00 ; -2.31753E+00 ;  1.91387E+00
 5.70723E+00 ; -2.26271E+00 ;  1.98903E+00
 5.72468E+00 ; -2.20787E+00 ;  2.06410E+00
 5.74213E+00 ; -2.15302E+00 ;  2.13908E+00
 5.75959E+00 ; -2.09817E+00 ;  2.21394E+00
 5.77704E+00 ; -2.04333E+00 ;  2.28867E+00
 5.79449E+00 ; -1.98851E+00 ;  2.36325E+00
 5.81195E+00 ; -1.93371E+00 ;  2.43767E+00
 5.82940E+00 ; -1.87896E+00 ;  2.51192E+00
 5.84685E+00 ; -1.82425E+00 ;  2.58597E+00
 5.86431E+00 ; -1.76961E+00 ;  2.65982E+00
 5.88176E+00 ; -1.71503E+00 ;  2.73344E+00
 5.89921E+00 ; -1.66054E+00 ;  2.80683E+00
 5.91667E+00 ; -1.60613E+00 ;  2.87996E+00
 5.93412E+00 ; -1.55182E+00 ;  2.95283E+00
 5.95157E+00 ; -1.49762E+00 ;  3.02541E+00
 5.96903E+00 ; -1.44354E+00 ;  3.09769E+00
 5.98648E+00 ; -1.38958E+00 ;  3.16966E+00
 6.00393E+00 ; -1.33576E+00 ;  3.24129E+00
 6.02139E+00 ; -1.28209E+00 ;  3.31259E+00
 6.03884E+00 ; -1.22856E+00 ;  3.38351E+00
 6.05629E+00 ; -1.17520E+00 ;  3.45407E+00
 6.07375E+00 ; -1.12201E+00 ;  3.52423E+00
 6.09120E+00 ; -1.06900E+00 ;  3.59399E+00
 6.10865E+00 ; -1.01618E+00 ;  3.66332E+00
 6.12611E+00 ; -9.63548E-01 ;  3.73222E+00
 6.14356E+00 ; -9.11124E-01 ;  3.80066E+00
 6.16101E+00 ; -8.58914E-01 ;  3.86864E+00
 6.17847E+00 ; -8.06921E-01 ;  3.93613E+00
 6.19592E+00 ; -7.55156E-01 ;  4.00313E+00
 6.21337E+00 ; -7.03625E-01 ;  4.06961E+00
 6.23083E+00 ; -6.52338E-01 ;  4.13557E+00
 6.24828E+00 ; -6.01299E-01 ;  4.20098E+00
 6.26573E+00 ; -5.50516E-01 ;  4.26584E+00
 6.28319E+00 ; -5.00000E-01 ;  4.33013E+00
 6.30064E+00 ; -4.49754E-01 ;  4.39383E+00
 6.31809E+00 ; -3.99783E-01 ;  4.45693E+00
 6.33555E+00 ; -3.50097E-01 ;  4.51941E+00
 6.35300E+00 ; -3.00703E-01 ;  4.58126E+00
 6.37045E+00 ; -2.51605E-01 ;  4.64248E+00
 6.38791E+00 ; -2.02811E-01 ;  4.70303E+00
 6.40536E+00 ; -1.54327E-01 ;  4.76291E+00
 6.42281E+00 ; -1.06157E-01 ;  4.82210E+00
 6.44026E+00 ; -5.83066E-02 ;  4.88060E+00
 6.45772E+00 ; -1.07822E-02 ;  4.93838E+00
 6.47517E+00 ;  3.64081E-02 ;  4.99543E+00
 6.49262E+00 ;  8.32613E-02 ;  5.05174E+00
 6.51008E+00 ;  1.29774E-01 ;  5.10730E+00
 6.52753E+00 ;  1.75940E-01 ;  5.16209E+00
 6.54498E+00 ;  2.21751E-01 ;  5.21610E+00
 6.56244E+00 ;  2.67208E-01 ;  5.26932E+00
 6.57989E+00 ;  3.12300E-01 ;  5.32173E+00
 6.59734E+00 ;  3.57030E-01 ;  5.37332E+00
 6.61480E+00 ;  4.01388E-01 ;  5.42408E+00
 6.63225E+00 ;  4.45371E-01 ;  5.47399E+00
 6.64970E+00 ;  4.88975E-01 ;  5.52304E+00
 6.66716E+00 ;  5.32197E-01 ;  5.57123E+00
 6.68461E+00 ;  5.75033E-01 ;  5.61854E+00
 6.70206E+00 ;  6.17481E-01 ;  5.66495E+00
 6.71952E+00 ;  6.59537E-01 ;  5.71046E+00
 6.73697E+00 ;  7.01195E-01 ;  5.75505E+00
 6.75442E+00 ;  7.42455E-01 ;  5.79872E+00
 6.77188E+00 ;  7.83312E-01 ;  5.84145E+00
 6.78933E+00 ;  8.23766E-01 ;  5.88322E+00
 6.80678E+00 ;  8.63812E-01 ;  5.92404E+00
 6.82424E+00 ;  9.03446E-01 ;  5.96388E+00
 6.84169E+00 ;  9.42668E-01 ;  6.00275E+00
 6.85914E+00 ;  9.81477E-01 ;  6.04062E+00
 6.87660E+00 ;  1.01987E+00 ;  6.07749E+00
 6.89405E+00 ;  1.05784E+00 ;  6.11334E+00
 6.91150E+00 ;  1.09539E+00 ;  6.14818E+00
 6.92896E+00 ;  1.13252E+00 ;  6.18198E+00
 6.94641E+00 ;  1.16923E+00 ;  6.21475E+00
 6.96386E+00 ;  1.20551E+00 ;  6.24646E+00
 6.98132E+00 ;  1.24137E+00 ;  6.27712E+00
 6.99877E+00 ;  1.27679E+00 ;  6.30670E+00
 7.01622E+00 ;  1.31179E+00 ;  6.33522E+00
 7.03368E+00 ;  1.34636E+00 ;  6.36264E+00
 7.05113E+00 ;  1.38050E+00 ;  6.38898E+00
 7.06858E+00 ;  1.41422E+00 ;  6.41421E+00
 7.08604E+00 ;  1.44749E+00 ;  6.43834E+00
 7.10349E+00 ;  1.48034E+00 ;  6.46135E+00
 7.12094E+00 ;  1.51276E+00 ;  6.48324E+00
 7.13840E+00 ;  1.54474E+00 ;  6.50400E+00
 7.15585E+00 ;  1.57630E+00 ;  6.52363E+00
 7.17330E+00 ;  1.60742E+00 ;  6.54211E+00
 7.19076E+00 ;  1.63812E+00 ;  6.55945E+00
 7.20821E+00 ;  1.66838E+00 ;  6.57563E+00
 7.22566E+00 ;  1.69821E+00 ;  6.59064E+00
 7.24312E+00 ;  1.72762E+00 ;  6.60450E+00
 7.26057E+00 ;  1.75660E+00 ;  6.61718E+00
 7.27802E+00 ;  1.78514E+00 ;  6.62868E+00
 7.29548E+00 ;  1.81327E+00 ;  6.63901E+00
 7.31293E+00 ;  1.84097E+00 ;  6.64814E+00
 7.33038E+00 ;  1.86824E+00 ;  6.65609E+00
 7.34784E+00 ;  1.89509E+00 ;  6.66284E+00
 7.36529E+00 ;  1.92153E+00 ;  6.66840E+00
 7.38274E+00 ;  1.94754E+00 ;  6.67275E+00
 7.40020E+00 ;  1.97314E+00 ;  6.67590E+00
 7.41765E+00 ;  1.99832E+00 ;  6.67784E+00
 7.43510E+00 ;  2.02308E+00 ;  6.67857E+00
 7.45256E+00 ;  2.04744E+00 ;  6.67809E+00
 7.47001E+00 ;  2.07138E+00 ;  6.67639E+00
 7.48746E+00 ;  2.09492E+00 ;  6.67347E+00
 7.50492E+00 ;  2.11806E+00 ;  6.66933E+00
 7.52237E+00 ;  2.14079E+00 ;  6.66398E+00
 7.53982E+00 ;  2.16312E+00 ;  6.65740E+00
 7.55728E+00 ;  2.18505E+00 ;  6.64959E+00
 7.57473E+00 ;  2.20659E+00 ;  6.64057E+00
 7.59218E+00 ;  2.22774E+00 ;  6.63031E+00
 7.60964E+00 ;  2.24850E+00 ;  6.61884E+00
 7.62709E+00 ;  2.26887E+00 ;  6.60614E+00
 7.64454E+00 ;  2.28886E+00 ;  6.59221E+00
 7.66200E+00 ;  2.30846E+00 ;  6.57707E+00
 7.67945E+00 ;  2.32769E+00 ;  6.56070E+00
 7.69690E+00 ;  2.34655E+00 ;  6.54310E+00
 7.71436E+00 ;  2.36504E+00 ;  6.52429E+00
 7.73181E+00 ;  2.38316E+00 ;  6.50426E+00
 7.74926E+00 ;  2.40091E+00 ;  6.48301E+00
 7.76672E+00 ;  2.41831E+00 ;  6.46055E+00
 7.78417E+00 ;  2.43535E+00 ;  6.43688E+00
 7.80162E+00 ;  2.45203E+00 ;  6.41200E+00
 7.81908E+00 ;  2.46836E+00 ;  6.38591E+00
 7.83653E+00 ;  2.48435E+00 ;  6.35862E+00
 7.85398E+00 ;  2.50000E+00 ;  6.33013E+00
 7.87143E+00 ;  2.51531E+00 ;  6.30044E+00
 7.88889E+00 ;  2.53028E+00 ;  6.26956E+00
 7.90634E+00 ;  2.54493E+00 ;  6.23750E+00
 7.92379E+00 ;  2.55924E+00 ;  6.20425E+00
 7.94125E+00 ;  2.57323E+00 ;  6.16983E+00
 7.95870E+00 ;  2.58691E+00 ;  6.13423E+00
 7.97615E+00 ;  2.60027E+00 ;  6.09747E+00
 7.99361E+00 ;  2.61332E+00 ;  6.05954E+00
 8.01106E+00 ;  2.62606E+00 ;  6.02046E+00
 8.02851E+00 ;  2.63850E+00 ;  5.98023E+00
 8.04597E+00 ;  2.65064E+00 ;  5.93886E+00
 8.06342E+00 ;  2.66248E+00 ;  5.89635E+00
 8.08088E+00 ;  2.67404E+00 ;  5.85271E+00
 8.09833E+00 ;  2.68531E+00 ;  5.80795E+00
 8.11578E+00 ;  2.69630E+00 ;  5.76207E+00
 8.13323E+00 ;  2.70701E+00 ;  5.71509E+00
 8.15069E+00 ;  2.71745E+00 ;  5.66701E+00
 8.16814E+00 ;  2.72762E+00 ;  5.61784E+00
 8.18559E+00 ;  2.73752E+00 ;  5.56758E+00
 8.20305E+00 ;  2.74717E+00 ;  5.51625E+00
 8.22050E+00 ;  2.75656E+00 ;  5.46386E+00
 8.23795E+00 ;  2.76569E+00 ;  5.41041E+00
 8.25541E+00 ;  2.77458E+00 ;  5.35592E+00
 8.27286E+00 ;  2.78323E+00 ;  5.30038E+00
 8.29031E+00 ;  2.79163E+00 ;  5.24382E+00
 8.30777E+00 ;  2.79980E+00 ;  5.18625E+00
 8.32522E+00 ;  2.80774E+00 ;  5.12766E+00
 8.34267E+00 ;  2.81546E+00 ;  5.06809E+00
 8.36013E+00 ;  2.82295E+00 ;  5.00752E+00
 8.37758E+00 ;  2.83022E+00 ;  4.94599E+00
 8.39503E+00 ;  2.83728E+00 ;  4.88349E+00
 8.41249E+00 ;  2.84413E+00 ;  4.82004E+00
 8.42994E+00 ;  2.85078E+00 ;  4.75565E+00
 8.44739E+00 ;  2.85722E+00 ;  4.69033E+00
 8.46485E+00 ;  2.86346E+00 ;  4.62409E+00
 8.48230E+00 ;  2.86951E+00 ;  4.55696E+00
 8.49975E+00 ;  2.87538E+00 ;  4.48893E+00
 8.51721E+00 ;  2.88105E+00 ;  4.42002E+00
 8.53466E+00 ;  2.88655E+00 ;  4.35026E+00
 8.55211E+00 ;  2.89186E+00 ;  4.27963E+00
 8.56957E+00 ;  2.89701E+00 ;  4.20817E+00
 8.58702E+00 ;  2.90198E+00 ;  4.13589E+00
 8.60447E+00 ;  2.90679E+00 ;  4.06279E+00
 8.62193E+00 ;  2.91143E+00 ;  3.98889E+00
 8.63938E+00 ;  2.91591E+00 ;  3.91422E+00
 8.65683E+00 ;  2.92024E+00 ;  3.83876E+00
 8.67429E+00 ;  2.92442E+00 ;  3.76256E+00
 8.69174E+00 ;  2.92845E+00 ;  3.68562E+00
 8.70919E+00 ;  2.93233E+00 ;  3.60795E+00
 8.72665E+00 ;  2.93607E+00 ;  3.52957E+00
 8.74410E+00 ;  2.93968E+00 ;  3.45050E+00
 8.76155E+00 ;  2.94315E+00 ;  3.37074E+00
 8.77901E+00 ;  2.94648E+00 ;  3.29032E+00
 8.79646E+00 ;  2.94969E+00 ;  3.20925E+00
 8.81391E+00 ;  2.95278E+00 ;  3.12755E+00
 8.83137E+00 ;  2.95574E+00 ;  3.04523E+00
 8.84882E+00 ;  2.95858E+00 ;  2.96231E+00
 8.86627E+00 ;  2.96130E+00 ;  2.87880E+00
 8.88373E+00 ;  2.96391E+00 ;  2.79473E+00
 8.90118E+00 ;  2.96641E+00 ;  2.71010E+00
 8.91863E+00 ;  2.96880E+00 ;  2.62494E+00
 8.93609E+00 ;  2.97109E+00 ;  2.53925E+00
 8.95354E+00 ;  2.97327E+00 ;  2.45307E+00
 8.97099E+00 ;  2.97535E+00 ;  2.36639E+00
 8.98845E+00 ;  2.97733E+00 ;  2.27925E+00
 9.00590E+00 ;  2.97922E+00 ;  2.19166E+00
 9.02335E+00 ;  2.98101E+00 ;  2.10363E+00
 9.04081E+00 ;  2.98271E+00 ;  2.01519E+00
 9.05826E+00 ;  2.98432E+00 ;  1.92634E+00
 9.07571E+00 ;  2.98584E+00 ;  1.83712E+00
 9.09317E+00 ;  2.98727E+00 ;  1.74753E+00
 9.11062E+00 ;  2.98863E+00 ;  1.65759E+00
 9.12807E+00 ;  2.98989E+00 ;  1.56733E+00
 9.14552E+00 ;  2.99108E+00 ;  1.47675E+00
 9.16298E+00 ;  2.99219E+00 ;  1.38588E+00
 9.18043E+00 ;  2.99322E+00 ;  1.29473E+00
 9.19789E+00 ;  2.99417E+00 ;  1.20333E+00
 9.21534E+00 ;  2.99504E+00 ;  1.11169E+00
 9.23279E+00 ;  2.99585E+00 ;  1.01982E+00
 9.25025E+00 ;  2.99658E+00 ;  9.27761E-01
 9.26770E+00 ;  2.99723E+00 ;  8.35506E-01
 9.28515E+00 ;  2.99782E+00 ;  7.43091E-01
 9.30260E+00 ;  2.99833E+00 ;  6.50533E-01
 9.32006E+00 ;  2.99878E+00 ;  5.57842E-01
 9.33751E+00 ;  2.99915E+00 ;  4.65037E-01
 9.35497E+00 ;  2.99946E+00 ;  3.72138E-01
 9.37242E+00 ;  2.99969E+00 ;  2.79167E-01
 9.38987E+00 ;  2.99986E+00 ;  1.86143E-01
 9.40732E+00 ;  2.99997E+00 ;  9.30813E-02
 9.42478E+00 ;  3.00000E+00 ; -9.21927E-07
 9.44223E+00 ;  2.99997E+00 ; -9.30807E-02
 9.45969E+00 ;  2.99986E+00 ; -1.86149E-01
 9.47714E+00 ;  2.99969E+00 ; -2.79173E-01
 9.49459E+00 ;  2.99946E+00 ; -3.72142E-01
 9.51204E+00 ;  2.99915E+00 ; -4.65039E-01
 9.52950E+00 ;  2.99878E+00 ; -5.57841E-01
 9.54695E+00 ;  2.99833E+00 ; -6.50533E-01
 9.56440E+00 ;  2.99782E+00 ; -7.43097E-01
 9.58186E+00 ;  2.99723E+00 ; -8.35512E-01
 9.59931E+00 ;  2.99658E+00 ; -9.27760E-01
 9.61676E+00 ;  2.99585E+00 ; -1.01983E+00
 9.63422E+00 ;  2.99505E+00 ; -1.11169E+00
 9.65167E+00 ;  2.99417E+00 ; -1.20333E+00
 9.66912E+00 ;  2.99322E+00 ; -1.29474E+00
 9.68658E+00 ;  2.99219E+00 ; -1.38588E+00
 9.70403E+00 ;  2.99108E+00 ; -1.47675E+00
 9.72148E+00 ;  2.98989E+00 ; -1.56733E+00
 9.73894E+00 ;  2.98863E+00 ; -1.65759E+00
 9.75639E+00 ;  2.98727E+00 ; -1.74753E+00
 9.77384E+00 ;  2.98584E+00 ; -1.83712E+00
 9.79130E+00 ;  2.98432E+00 ; -1.92634E+00
 9.80875E+00 ;  2.98271E+00 ; -2.01519E+00
 9.82620E+00 ;  2.98101E+00 ; -2.10363E+00
 9.84366E+00 ;  2.97922E+00 ; -2.19166E+00
 9.86111E+00 ;  2.97733E+00 ; -2.27925E+00
 9.87856E+00 ;  2.97535E+00 ; -2.36639E+00
 9.89602E+00 ;  2.97327E+00 ; -2.45307E+00
 9.91347E+00 ;  2.97109E+00 ; -2.53925E+00
 9.93092E+00 ;  2.96880E+00 ; -2.62494E+00
 9.94838E+00 ;  2.96641E+00 ; -2.71010E+00
 9.96583E+00 ;  2.96391E+00 ; -2.79473E+00
 9.98328E+00 ;  2.96130E+00 ; -2.87881E+00
 1.00007E+01 ;  2.95858E+00 ; -2.96231E+00
 1.00182E+01 ;  2.95574E+00 ; -3.04523E+00
 1.00356E+01 ;  2.95278E+00 ; -3.12755E+00
 1.00531E+01 ;  2.94969E+00 ; -3.20925E+00
 1.00705E+01 ;  2.94648E+00 ; -3.29032E+00
 1.00880E+01 ;  2.94315E+00 ; -3.37074E+00
 1.01055E+01 ;  2.93968E+00 ; -3.45050E+00
 1.01229E+01 ;  2.93607E+00 ; -3.52957E+00
 1.01404E+01 ;  2.93233E+00 ; -3.60795E+00
 1.01578E+01 ;  2.92845E+00 ; -3.68562E+00
 1.01753E+01 ;  2.92442E+00 ; -3.76257E+00
 1.01927E+01 ;  2.92024E+00 ; -3.83877E+00
 1.02102E+01 ;  2.91591E+00 ; -3.91421E+00
 1.02276E+01 ;  2.91143E+00 ; -3.98889E+00
 1.02451E+01 ;  2.90679E+00 ; -4.06279E+00
 1.02625E+01 ;  2.90198E+00 ; -4.13589E+00
 1.02800E+01 ;  2.89701E+00 ; -4.20817E+00
 1.02974E+01 ;  2.89186E+00 ; -4.27963E+00
 1.03149E+01 ;  2.88655E+00 ; -4.35026E+00
 1.03323E+01 ;  2.88105E+00 ; -4.42003E+00
 1.03498E+01 ;  2.87538E+00 ; -4.48893E+00
 1.03673E+01 ;  2.86951E+00 ; -4.55696E+00
 1.03847E+01 ;  2.86346E+00 ; -4.62410E+00
 1.04022E+01 ;  2.85722E+00 ; -4.69033E+00
 1.04196E+01 ;  2.85078E+00 ; -4.75565E+00
 1.04371E+01 ;  2.84413E+00 ; -4.82004E+00
 1.04545E+01 ;  2.83728E+00 ; -4.88349E+00
 1.04720E+01 ;  2.83022E+00 ; -4.94599E+00
 1.04894E+01 ;  2.82295E+00 ; -5.00753E+00
 1.05069E+01 ;  2.81546E+00 ; -5.06809E+00
 1.05243E+01 ;  2.80774E+00 ; -5.12767E+00
 1.05418E+01 ;  2.79980E+00 ; -5.18625E+00
 1.05592E+01 ;  2.79163E+00 ; -5.24382E+00
 1.05767E+01 ;  2.78323E+00 ; -5.30038E+00
 1.05941E+01 ;  2.77458E+00 ; -5.35591E+00
 1.06116E+01 ;  2.76569E+00 ; -5.41041E+00
 1.06291E+01 ;  2.75656E+00 ; -5.46386E+00
 1.06465E+01 ;  2.74717E+00 ; -5.51626E+00
 1.06640E+01 ;  2.73752E+00 ; -5.56758E+00
 1.06814E+01 ;  2.72762E+00 ; -5.61784E+00
 1.06989E+01 ;  2.71745E+00 ; -5.66701E+00
 1.07163E+01 ;  2.70701E+00 ; -5.71509E+00
 1.07338E+01 ;  2.69630E+00 ; -5.76207E+00
 1.07512E+01 ;  2.68531E+00 ; -5.80795E+00
 1.07687E+01 ;  2.67404E+00 ; -5.85271E+00
 1.07861E+01 ;  2.66248E+00 ; -5.89635E+00
 1.08036E+01 ;  2.65064E+00 ; -5.93886E+00
 1.08210E+01 ;  2.63850E+00 ; -5.98023E+00
 1.08385E+01 ;  2.62606E+00 ; -6.02046E+00
 1.08559E+01 ;  2.61332E+00 ; -6.05954E+00
 1.08734E+01 ;  2.60027E+00 ; -6.09747E+00
 1.08909E+01 ;  2.58691E+00 ; -6.13423E+00
 1.09083E+01 ;  2.57323E+00 ; -6.16983E+00
 1.09258E+01 ;  2.55924E+00 ; -6.20425E+00
 1.09432E+01 ;  2.54492E+00 ; -6.23750E+00
 1.09607E+01 ;  2.53028E+00 ; -6.26957E+00
 1.09781E+01 ;  2.51531E+00 ; -6.30044E+00
 1.09956E+01 ;  2.50000E+00 ; -6.33013E+00
 1.10130E+01 ;  2.48435E+00 ; -6.35862E+00
 1.10305E+01 ;  2.46836E+00 ; -6.38591E+00
 1.10479E+01 ;  2.45203E+00 ; -6.41200E+00
 1.10654E+01 ;  2.43535E+00 ; -6.43688E+00
 1.10828E+01 ;  2.41831E+00 ; -6.46055E+00
 1.11003E+01 ;  2.40091E+00 ; -6.48301E+00
 1.11177E+01 ;  2.38316E+00 ; -6.50426E+00
 1.11352E+01 ;  2.36504E+00 ; -6.52429E+00
 1.11527E+01 ;  2.34655E+00 ; -6.54310E+00
 1.11701E+01 ;  2.32769E+00 ; -6.56070E+00
 1.11876E+01 ;  2.30846E+00 ; -6.57707E+00
 1.12050E+01 ;  2.28886E+00 ; -6.59221E+00
 1.12225E+01 ;  2.26887E+00 ; -6.60614E+00
 1.12399E+01 ;  2.24850E+00 ; -6.61884E+00
 1.12574E+01 ;  2.22774E+00 ; -6.63031E+00
 1.12748E+01 ;  2.20659E+00 ; -6.64057E+00
 1.12923E+01 ;  2.18505E+00 ; -6.64959E+00
 1.13097E+01 ;  2.16312E+00 ; -6.65739E+00
 1.13272E+01 ;  2.14079E+00 ; -6.66398E+00
 1.13446E+01 ;  2.11806E+00 ; -6.66933E+00
 1.13621E+01 ;  2.09492E+00 ; -6.67347E+00
 1.13795E+01 ;  2.07138E+00 ; -6.67639E+00
 1.13970E+01 ;  2.04744E+00 ; -6.67809E+00
 1.14145E+01 ;  2.02308E+00 ; -6.67857E+00
 1.14319E+01 ;  1.99832E+00 ; -6.67784E+00
 1.14494E+01 ;  1.97314E+00 ; -6.67590E+00
 1.14668E+01 ;  1.94754E+00 ; -6.67275E+00
 1.14843E+01 ;  1.92153E+00 ; -6.66840E+00
 1.15017E+01 ;  1.89510E+00 ; -6.66284E+00
 1.15192E+01 ;  1.86824E+00 ; -6.65609E+00
 1.15366E+01 ;  1.84097E+00 ; -6.64814E+00
 1.15541E+01 ;  1.81327E+00 ; -6.63900E+00
 1.15715E+01 ;  1.78514E+00 ; -6.62868E+00
 1.15890E+01 ;  1.75659E+00 ; -6.61718E+00
 1.16064E+01 ;  1.72762E+00 ; -6.60450E+00
 1.16239E+01 ;  1.69821E+00 ; -6.59064E+00
 1.16413E+01 ;  1.66838E+00 ; -6.57562E+00
 1.16588E+01 ;  1.63812E+00 ; -6.55945E+00
 1.16763E+01 ;  1.60742E+00 ; -6.54211E+00
 1.16937E+01 ;  1.57630E+00 ; -6.52363E+00
 1.17112E+01 ;  1.54474E+00 ; -6.50400E+00
 1.17286E+01 ;  1.51276E+00 ; -6.48324E+00
 1.17461E+01 ;  1.48034E+00 ; -6.46135E+00
 1.17635E+01 ;  1.44749E+00 ; -6.43834E+00
 1.17810E+01 ;  1.41421E+00 ; -6.41421E+00
 1.17984E+01 ;  1.38050E+00 ; -6.38898E+00
 1.18159E+01 ;  1.34636E+00 ; -6.36264E+00
 1.18333E+01 ;  1.31179E+00 ; -6.33521E+00
 1.18508E+01 ;  1.27679E+00 ; -6.30670E+00
 1.18682E+01 ;  1.24137E+00 ; -6.27712E+00
 1.18857E+01 ;  1.20551E+00 ; -6.24646E+00
 1.19031E+01 ;  1.16923E+00 ; -6.21475E+00
 1.19206E+01 ;  1.13252E+00 ; -6.18198E+00
 1.19381E+01 ;  1.09539E+00 ; -6.14818E+00
 1.19555E+01 ;  1.05784E+00 ; -6.11334E+00
 1.19730E+01 ;  1.01987E+00 ; -6.07749E+00
 1.19904E+01 ;  9.81475E-01 ; -6.04062E+00
 1.20079E+01 ;  9.42668E-01 ; -6.00275E+00
 1.20253E+01 ;  9.03445E-01 ; -5.96388E+00
 1.20428E+01 ;  8.63809E-01 ; -5.92404E+00
 1.20602E+01 ;  8.23762E-01 ; -5.88322E+00
 1.20777E+01 ;  7.83313E-01 ; -5.84144E+00
 1.20951E+01 ;  7.42454E-01 ; -5.79872E+00
 1.21126E+01 ;  7.01193E-01 ; -5.75505E+00
 1.21300E+01 ;  6.59534E-01 ; -5.71046E+00
 1.21475E+01 ;  6.17478E-01 ; -5.66495E+00
 1.21649E+01 ;  5.75034E-01 ; -5.61854E+00
 1.21824E+01 ;  5.32195E-01 ; -5.57123E+00
 1.21999E+01 ;  4.88971E-01 ; -5.52304E+00
 1.22173E+01 ;  4.45369E-01 ; -5.47399E+00
 1.22348E+01 ;  4.01385E-01 ; -5.42407E+00
 1.22522E+01 ;  3.57027E-01 ; -5.37331E+00
 1.22697E+01 ;  3.12297E-01 ; -5.32172E+00
 1.22871E+01 ;  2.67202E-01 ; -5.26931E+00
 1.23046E+01 ;  2.21750E-01 ; -5.21610E+00
 1.23220E+01 ;  1.75941E-01 ; -5.16209E+00
 1.23395E+01 ;  1.29775E-01 ; -5.10730E+00
 1.23569E+01 ;  8.32617E-02 ; -5.05174E+00
 1.23744E+01 ;  3.64108E-02 ; -4.99543E+00
 1.23918E+01 ; -1.07818E-02 ; -4.93838E+00
 1.24093E+01 ; -5.83059E-02 ; -4.88060E+00
 1.24267E+01 ; -1.06157E-01 ; -4.82210E+00
 1.24442E+01 ; -1.54328E-01 ; -4.76291E+00
 1.24617E+01 ; -2.02810E-01 ; -4.70303E+00
 1.24791E+01 ; -2.51606E-01 ; -4.64248E+00
 1.24966E+01 ; -3.00705E-01 ; -4.58126E+00
 1.25140E+01 ; -3.50101E-01 ; -4.51941E+00
 1.25315E+01 ; -3.99787E-01 ; -4.45692E+00
 1.25489E+01 ; -4.49753E-01 ; -4.39383E+00
 1.25664E+01 ; -5.00001E-01 ; -4.33013E+00
 1.25838E+01 ; -5.50520E-01 ; -4.26584E+00
 1.26013E+01 ; -6.01298E-01 ; -4.20098E+00
 1.26187E+01 ; -6.52337E-01 ; -4.13557E+00
 1.26362E+01 ; -7.03626E-01 ; -4.06961E+00
 1.26536E+01 ; -7.55158E-01 ; -4.00312E+00
 1.26711E+01 ; -8.06924E-01 ; -3.93613E+00
 1.26885E+01 ; -8.58914E-01 ; -3.86864E+00
 1.27060E+01 ; -9.11127E-01 ; -3.80066E+00
 1.27235E+01 ; -9.63552E-01 ; -3.73221E+00
 1.27409E+01 ; -1.01618E+00 ; -3.66331E+00
 1.27584E+01 ; -1.06901E+00 ; -3.59398E+00
 1.27758E+01 ; -1.12201E+00 ; -3.52423E+00
 1.27933E+01 ; -1.17521E+00 ; -3.45406E+00
 1.28107E+01 ; -1.22856E+00 ; -3.38351E+00
 1.28282E+01 ; -1.28209E+00 ; -3.31258E+00
 1.28456E+01 ; -1.33576E+00 ; -3.24130E+00
 1.28631E+01 ; -1.38958E+00 ; -3.16966E+00
 1.28805E+01 ; -1.44354E+00 ; -3.09769E+00
 1.28980E+01 ; -1.49762E+00 ; -3.02541E+00
 1.29154E+01 ; -1.55183E+00 ; -2.95283E+00
 1.29329E+01 ; -1.60613E+00 ; -2.87996E+00
 1.29503E+01 ; -1.66054E+00 ; -2.80683E+00
 1.29678E+01 ; -1.71503E+00 ; -2.73344E+00
 1.29852E+01 ; -1.76961E+00 ; -2.65982E+00
 1.30027E+01 ; -1.82425E+00 ; -2.58597E+00
 1.30202E+01 ; -1.87896E+00 ; -2.51192E+00
 1.30376E+01 ; -1.93371E+00 ; -2.43767E+00
 1.30551E+01 ; -1.98851E+00 ; -2.36325E+00
 1.30725E+01 ; -2.04333E+00 ; -2.28867E+00
 1.30900E+01 ; -2.09817E+00 ; -2.21394E+00
 1.31074E+01 ; -2.15302E+00 ; -2.13908E+00
 1.31249E+01 ; -2.20788E+00 ; -2.06410E+00
 1.31423E+01 ; -2.26272E+00 ; -1.98902E+00
 1.31598E+01 ; -2.31753E+00 ; -1.91387E+00
 1.31772E+01 ; -2.37231E+00 ; -1.83864E+00
 1.31947E+01 ; -2.42705E+00 ; -1.76335E+00
 1.32121E+01 ; -2.48174E+00 ; -1.68803E+00
 1.32296E+01 ; -2.53636E+00 ; -1.61268E+00
 1.32471E+01 ; -2.59090E+00 ; -1.53732E+00
 1.32645E+01 ; -2.64535E+00 ; -1.46196E+00
 1.32820E+01 ; -2.69971E+00 ; -1.38663E+00
 1.32994E+01 ; -2.75395E+00 ; -1.31133E+00
 1.33169E+01 ; -2.80807E+00 ; -1.23609E+00
 1.33343E+01 ; -2.86207E+00 ; -1.16090E+00
 1.33518E+01 ; -2.91591E+00 ; -1.08579E+00
 1.33692E+01 ; -2.96960E+00 ; -1.01077E+00
 1.33867E+01 ; -3.02313E+00 ; -9.35860E-01
 1.34041E+01 ; -3.07648E+00 ; -8.61068E-01
 1.34216E+01 ; -3.12963E+00 ; -7.86412E-01
 1.34390E+01 ; -3.18259E+00 ; -7.11905E-01
 1.34565E+01 ; -3.23533E+00 ; -6.37565E-01
 1.34739E+01 ; -3.28785E+00 ; -5.63397E-01
 1.34914E+01 ; -3.34013E+00 ; -4.89421E-01
 1.35088E+01 ; -3.39216E+00 ; -4.15646E-01
 1.35263E+01 ; -3.44393E+00 ; -3.42091E-01
 1.35438E+01 ; -3.49543E+00 ; -2.68771E-01
 1.35612E+01 ; -3.54664E+00 ; -1.95690E-01
 1.35787E+01 ; -3.59756E+00 ; -1.22867E-01
 1.35961E+01 ; -3.64817E+00 ; -5.03188E-02
 1.36136E+01 ; -3.69847E+00 ;  2.19560E-02
 1.36310E+01 ; -3.74843E+00 ;  9.39250E-02
 1.36485E+01 ; -3.79804E+00 ;  1.65590E-01
 1.36659E+01 ; -3.84730E+00 ;  2.36933E-01
 1.36834E+01 ; -3.89620E+00 ;  3.07938E-01
 1.37008E+01 ; -3.94471E+00 ;  3.78602E-01
 1.37183E+01 ; -3.99284E+00 ;  4.48908E-01
 1.37357E+01 ; -4.04056E+00 ;  5.18844E-01
 1.37532E+01 ; -4.08787E+00 ;  5.88398E-01
 1.37706E+01 ; -4.13474E+00 ;  6.57548E-01
 1.37881E+01 ; -4.18118E+00 ;  7.26305E-01
 1.38056E+01 ; -4.22718E+00 ;  7.94644E-01
 1.38230E+01 ; -4.27270E+00 ;  8.62556E-01
 1.38405E+01 ; -4.31776E+00 ;  9.30024E-01
 1.38579E+01 ; -4.36233E+00 ;  9.97048E-01
 1.38754E+01 ; -4.40640E+00 ;  1.06361E+00
 1.38928E+01 ; -4.44997E+00 ;  1.12970E+00
 1.39103E+01 ; -4.49301E+00 ;  1.19531E+00
 1.39277E+01 ; -4.53552E+00 ;  1.26043E+00
 1.39452E+01 ; -4.57748E+00 ;  1.32505E+00
 1.39626E+01 ; -4.61890E+00 ;  1.38915E+00
 1.39801E+01 ; -4.65974E+00 ;  1.45273E+00
 1.39975E+01 ; -4.70001E+00 ;  1.51579E+00
 1.40150E+01 ; -4.73969E+00 ;  1.57830E+00
 1.40324E+01 ; -4.77876E+00 ;  1.64026E+00
 1.40499E+01 ; -4.81723E+00 ;  1.70167E+00
 1.40674E+01 ; -4.85507E+00 ;  1.76250E+00
 1.40848E+01 ; -4.89228E+00 ;  1.82276E+00
 1.41023E+01 ; -4.92885E+00 ;  1.88244E+00
 1.41197E+01 ; -4.96476E+00 ;  1.94152E+00
 1.41372E+01 ; -5.00000E+00 ;  2.00001E+00
 1.41546E+01 ; -5.03457E+00 ;  2.05787E+00
 1.41721E+01 ; -5.06845E+00 ;  2.11513E+00
 1.41895E+01 ; -5.10163E+00 ;  2.17176E+00
 1.42070E+01 ; -5.13410E+00 ;  2.22776E+00
 1.42244E+01 ; -5.16585E+00 ;  2.28312E+00
 1.42419E+01 ; -5.19688E+00 ;  2.33783E+00
 1.42593E+01 ; -5.22716E+00 ;  2.39189E+00
 1.42768E+01 ; -5.25670E+00 ;  2.44529E+00
 1.42942E+01 ; -5.28548E+00 ;  2.49802E+00
 1.43117E+01 ; -5.31349E+00 ;  2.55008E+00
 1.43292E+01 ; -5.34072E+00 ;  2.60146E+00
 1.43466E+01 ; -5.36716E+00 ;  2.65216E+00
 1.43641E+01 ; -5.39281E+00 ;  2.70217E+00
 1.43815E+01 ; -5.41765E+00 ;  2.75148E+00
 1.43990E+01 ; -5.44168E+00 ;  2.80009E+00
 1.44164E+01 ; -5.46488E+00 ;  2.84800E+00
 1.44339E+01 ; -5.48725E+00 ;  2.89519E+00
 1.44513E+01 ; -5.50877E+00 ;  2.94167E+00
 1.44688E+01 ; -5.52945E+00 ;  2.98743E+00
 1.44862E+01 ; -5.54926E+00 ;  3.03247E+00
 1.45037E+01 ; -5.56822E+00 ;  3.07677E+00
 1.45211E+01 ; -5.58629E+00 ;  3.12035E+00
 1.45386E+01 ; -5.60348E+00 ;  3.16318E+00
 1.45560E+01 ; -5.61978E+00 ;  3.20528E+00
 1.45735E+01 ; -5.63518E+00 ;  3.24663E+00
 1.45910E+01 ; -5.64968E+00 ;  3.28724E+00
 1.46084E+01 ; -5.66326E+00 ;  3.32710E+00
 1.46259E+01 ; -5.67593E+00 ;  3.36621E+00
 1.46433E+01 ; -5.68766E+00 ;  3.40456E+00
 1.46608E+01 ; -5.69846E+00 ;  3.44215E+00
 1.46782E+01 ; -5.70832E+00 ;  3.47899E+00
 1.46957E+01 ; -5.71724E+00 ;  3.51506E+00
 1.47131E+01 ; -5.72520E+00 ;  3.55038E+00
 1.47306E+01 ; -5.73220E+00 ;  3.58492E+00
 1.47480E+01 ; -5.73823E+00 ;  3.61870E+00
 1.47655E+01 ; -5.74330E+00 ;  3.65172E+00
 1.47829E+01 ; -5.74739E+00 ;  3.68396E+00
 1.48004E+01 ; -5.75049E+00 ;  3.71544E+00
 1.48178E+01 ; -5.75261E+00 ;  3.74615E+00
 1.48353E+01 ; -5.75374E+00 ;  3.77608E+00
 1.48528E+01 ; -5.75387E+00 ;  3.80525E+00
 1.48702E+01 ; -5.75300E+00 ;  3.83365E+00
 1.48877E+01 ; -5.75112E+00 ;  3.86127E+00
 1.49051E+01 ; -5.74824E+00 ;  3.88813E+00
 1.49226E+01 ; -5.74434E+00 ;  3.91421E+00
 1.49400E+01 ; -5.73943E+00 ;  3.93953E+00
 1.49575E+01 ; -5.73349E+00 ;  3.96408E+00
 1.49749E+01 ; -5.72653E+00 ;  3.98786E+00
 1.49924E+01 ; -5.71854E+00 ;  4.01087E+00
 1.50098E+01 ; -5.70953E+00 ;  4.03312E+00
 1.50273E+01 ; -5.69948E+00 ;  4.05461E+00
 1.50447E+01 ; -5.68840E+00 ;  4.07533E+00
 1.50622E+01 ; -5.67628E+00 ;  4.09529E+00
 1.50796E+01 ; -5.66312E+00 ;  4.11450E+00
 1.50971E+01 ; -5.64892E+00 ;  4.13295E+00
 1.51146E+01 ; -5.63368E+00 ;  4.15064E+00
 1.51320E+01 ; -5.61739E+00 ;  4.16759E+00
 1.51495E+01 ; -5.60007E+00 ;  4.18378E+00
 1.51669E+01 ; -5.58169E+00 ;  4.19923E+00
 1.51844E+01 ; -5.56227E+00 ;  4.21394E+00
 1.52018E+01 ; -5.54181E+00 ;  4.22790E+00
 1.52193E+01 ; -5.52030E+00 ;  4.24113E+00
 1.52367E+01 ; -5.49774E+00 ;  4.25363E+00
 1.52542E+01 ; -5.47413E+00 ;  4.26540E+00
 1.52716E+01 ; -5.44948E+00 ;  4.27644E+00
 1.52891E+01 ; -5.42379E+00 ;  4.28677E+00
 1.53065E+01 ; -5.39705E+00 ;  4.29637E+00
 1.53240E+01 ; -5.36927E+00 ;  4.30526E+00
 1.53414E+01 ; -5.34045E+00 ;  4.31344E+00
 1.53589E+01 ; -5.31060E+00 ;  4.32091E+00
 1.53764E+01 ; -5.27970E+00 ;  4.32768E+00
 1.53938E+01 ; -5.24777E+00 ;  4.33376E+00
 1.54113E+01 ; -5.21480E+00 ;  4.33914E+00
 1.54287E+01 ; -5.18081E+00 ;  4.34384E+00
 1.54462E+01 ; -5.14579E+00 ;  4.34786E+00
 1.54636E+01 ; -5.10975E+00 ;  4.35120E+00
 1.54811E+01 ; -5.07268E+00 ;  4.35387E+00
 1.54985E+01 ; -5.03460E+00 ;  4.35588E+00
 1.55160E+01 ; -4.99551E+00 ;  4.35722E+00
 1.55334E+01 ; -4.95541E+00 ;  4.35791E+00
 1.55509E+01 ; -4.91430E+00 ;  4.35795E+00
 1.55683E+01 ; -4.87220E+00 ;  4.35735E+00
 1.55858E+01 ; -4.82910E+00 ;  4.35611E+00
 1.56032E+01 ; -4.78500E+00 ;  4.35425E+00
 1.56207E+01 ; -4.73993E+00 ;  4.35175E+00
 1.56382E+01 ; -4.69388E+00 ;  4.34864E+00
 1.56556E+01 ; -4.64685E+00 ;  4.34491E+00
 1.56731E+01 ; -4.59886E+00 ;  4.34058E+00
 1.56905E+01 ; -4.54991E+00 ;  4.33565E+00
 1.57080E+01 ; -4.50000E+00 ;  4.33013E+00
 1.57254E+01 ; -4.44914E+00 ;  4.32402E+00
 1.57429E+01 ; -4.39735E+00 ;  4.31733E+00
 1.57603E+01 ; -4.34461E+00 ;  4.31007E+00
 1.57778E+01 ; -4.29096E+00 ;  4.30224E+00
 1.57952E+01 ; -4.23638E+00 ;  4.29385E+00
 1.58127E+01 ; -4.18090E+00 ;  4.28491E+00
 1.58301E+01 ; -4.12451E+00 ;  4.27543E+00
 1.58476E+01 ; -4.06723E+00 ;  4.26541E+00
 1.58650E+01 ; -4.00906E+00 ;  4.25486E+00
 1.58825E+01 ; -3.95001E+00 ;  4.24378E+00
 1.59000E+01 ; -3.89010E+00 ;  4.23219E+00
 1.59174E+01 ; -3.82933E+00 ;  4.22010E+00
 1.59349E+01 ; -3.76770E+00 ;  4.20750E+00
 1.59523E+01 ; -3.70524E+00 ;  4.19440E+00
 1.59698E+01 ; -3.64195E+00 ;  4.18082E+00
 1.59872E+01 ; -3.57784E+00 ;  4.16677E+00
 1.60047E+01 ; -3.51292E+00 ;  4.15224E+00
 1.60221E+01 ; -3.44720E+00 ;  4.13725E+00
 1.60396E+01 ; -3.38068E+00 ;  4.12180E+00
 1.60570E+01 ; -3.31340E+00 ;  4.10591E+00
 1.60745E+01 ; -3.24534E+00 ;  4.08957E+00
 1.60919E+01 ; -3.17654E+00 ;  4.07281E+00
 1.61094E+01 ; -3.10698E+00 ;  4.05561E+00
 1.61268E+01 ; -3.03670E+00 ;  4.03801E+00
 1.61443E+01 ; -2.96569E+00 ;  4.01999E+00
 1.61618E+01 ; -2.89397E+00 ;  4.00157E+00
 1.61792E+01 ; -2.82157E+00 ;  3.98276E+00
 1.61967E+01 ; -2.74848E+00 ;  3.96356E+00
 1.62141E+01 ; -2.67471E+00 ;  3.94398E+00
 1.62316E+01 ; -2.60029E+00 ;  3.92404E+00
 1.62490E+01 ; -2.52522E+00 ;  3.90373E+00
 1.62665E+01 ; -2.44953E+00 ;  3.88307E+00
 1.62839E+01 ; -2.37320E+00 ;  3.86206E+00
 1.63014E+01 ; -2.29629E+00 ;  3.84072E+00
 1.63188E+01 ; -2.21877E+00 ;  3.81904E+00
 1.63363E+01 ; -2.14067E+00 ;  3.79704E+00
 1.63537E+01 ; -2.06202E+00 ;  3.77472E+00
 1.63712E+01 ; -1.98281E+00 ;  3.75210E+00
 1.63886E+01 ; -1.90307E+00 ;  3.72918E+00
 1.64061E+01 ; -1.82281E+00 ;  3.70597E+00
 1.64235E+01 ; -1.74204E+00 ;  3.68247E+00
 1.64410E+01 ; -1.66079E+00 ;  3.65869E+00
 1.64585E+01 ; -1.57904E+00 ;  3.63465E+00
 1.64759E+01 ; -1.49685E+00 ;  3.61034E+00
 1.64934E+01 ; -1.41421E+00 ;  3.58578E+00
 1.65108E+01 ; -1.33114E+00 ;  3.56098E+00
 1.65283E+01 ; -1.24765E+00 ;  3.53594E+00
 1.65457E+01 ; -1.16375E+00 ;  3.51066E+00
 1.65632E+01 ; -1.07949E+00 ;  3.48517E+00
 1.65806E+01 ; -9.94844E-01 ;  3.45945E+00
 1.65981E+01 ; -9.09856E-01 ;  3.43353E+00
 1.66155E+01 ; -8.24525E-01 ;  3.40740E+00
 1.66330E+01 ; -7.38881E-01 ;  3.38108E+00
 1.66504E+01 ; -6.52921E-01 ;  3.35457E+00
 1.66679E+01 ; -5.66687E-01 ;  3.32789E+00
 1.66853E+01 ; -4.80181E-01 ;  3.30103E+00
 1.67028E+01 ; -3.93413E-01 ;  3.27400E+00
 1.67203E+01 ; -3.06408E-01 ;  3.24681E+00
 1.67377E+01 ; -2.19190E-01 ;  3.21947E+00
 1.67552E+01 ; -1.31755E-01 ;  3.19199E+00
 1.67726E+01 ; -4.41461E-02 ;  3.16436E+00
 1.67901E+01 ;  4.36412E-02 ;  3.13661E+00
 1.68075E+01 ;  1.31582E-01 ;  3.10872E+00
 1.68250E+01 ;  2.19650E-01 ;  3.08072E+00
 1.68424E+01 ;  3.07849E-01 ;  3.05261E+00
 1.68599E+01 ;  3.96137E-01 ;  3.02439E+00
 1.68773E+01 ;  4.84517E-01 ;  2.99606E+00
 1.68948E+01 ;  5.72956E-01 ;  2.96765E+00
 1.69122E+01 ;  6.61452E-01 ;  2.93915E+00
 1.69297E+01 ;  7.49985E-01 ;  2.91056E+00
 1.69471E+01 ;  8.38518E-01 ;  2.88190E+00
 1.69646E+01 ;  9.27057E-01 ;  2.85317E+00
 1.69821E+01 ;  1.01557E+00 ;  2.82437E+00
 1.69995E+01 ;  1.10405E+00 ;  2.79552E+00
 1.70170E+01 ;  1.19246E+00 ;  2.76661E+00
 1.70344E+01 ;  1.28081E+00 ;  2.73765E+00
 1.70519E+01 ;  1.36907E+00 ;  2.70866E+00
 1.70693E+01 ;  1.45721E+00 ;  2.67962E+00
 1.70868E+01 ;  1.54523E+00 ;  2.65056E+00
 1.71042E+01 ;  1.63310E+00 ;  2.62146E+00
 1.71217E+01 ;  1.72082E+00 ;  2.59235E+00
 1.71391E+01 ;  1.80835E+00 ;  2.56322E+00
 1.71566E+01 ;  1.89568E+00 ;  2.53408E+00
 1.71740E+01 ;  1.98280E+00 ;  2.50493E+00
 1.71915E+01 ;  2.06969E+00 ;  2.47577E+00
 1.72089E+01 ;  2.15632E+00 ;  2.44662E+00
 1.72264E+01 ;  2.24269E+00 ;  2.41748E+00
 1.72439E+01 ;  2.32877E+00 ;  2.38835E+00
 1.72613E+01 ;  2.41455E+00 ;  2.35923E+00
 1.72788E+01 ;  2.50000E+00 ;  2.33013E+00
 1.72962E+01 ;  2.58512E+00 ;  2.30105E+00
 1.73137E+01 ;  2.66989E+00 ;  2.27200E+00
 1.73311E+01 ;  2.75427E+00 ;  2.24298E+00
 1.73486E+01 ;  2.83827E+00 ;  2.21400E+00
 1.73660E+01 ;  2.92186E+00 ;  2.18505E+00
 1.73835E+01 ;  3.00502E+00 ;  2.15614E+00
 1.74009E+01 ;  3.08774E+00 ;  2.12728E+00
 1.74184E+01 ;  3.17001E+00 ;  2.09847E+00
 1.74358E+01 ;  3.25180E+00 ;  2.06971E+00
 1.74533E+01 ;  3.33309E+00 ;  2.04100E+00
 1.74707E+01 ;  3.41388E+00 ;  2.01235E+00
 1.74882E+01 ;  3.49413E+00 ;  1.98376E+00
 1.75057E+01 ;  3.57385E+00 ;  1.95523E+00
 1.75231E+01 ;  3.65300E+00 ;  1.92677E+00
 1.75406E+01 ;  3.73158E+00 ;  1.89837E+00
 1.75580E+01 ;  3.80957E+00 ;  1.87004E+00
 1.75755E+01 ;  3.88694E+00 ;  1.84179E+00
 1.75929E+01 ;  3.96369E+00 ;  1.81361E+00
 1.76104E+01 ;  4.03980E+00 ;  1.78551E+00
 1.76278E+01 ;  4.11525E+00 ;  1.75748E+00
 1.76453E+01 ;  4.19003E+00 ;  1.72954E+00
 1.76627E+01 ;  4.26411E+00 ;  1.70168E+00
 1.76802E+01 ;  4.33750E+00 ;  1.67390E+00
 1.76976E+01 ;  4.41018E+00 ;  1.64620E+00
 1.77151E+01 ;  4.48211E+00 ;  1.61859E+00
 1.77325E+01 ;  4.55329E+00 ;  1.59107E+00
 1.77500E+01 ;  4.62370E+00 ;  1.56364E+00
 1.77675E+01 ;  4.69334E+00 ;  1.53630E+00
 1.77849E+01 ;  4.76218E+00 ;  1.50905E+00
 1.78024E+01 ;  4.83022E+00 ;  1.48189E+00
 1.78198E+01 ;  4.89744E+00 ;  1.45482E+00
 1.78373E+01 ;  4.96381E+00 ;  1.42785E+00
 1.78547E+01 ;  5.02933E+00 ;  1.40097E+00
 1.78722E+01 ;  5.09399E+00 ;  1.37418E+00
 1.78896E+01 ;  5.15777E+00 ;  1.34749E+00
 1.79071E+01 ;  5.22066E+00 ;  1.32089E+00
 1.79245E+01 ;  5.28264E+00 ;  1.29439E+00
 1.79420E+01 ;  5.34370E+00 ;  1.26798E+00
 1.79594E+01 ;  5.40383E+00 ;  1.24167E+00
 1.79769E+01 ;  5.46302E+00 ;  1.21545E+00
 1.79943E+01 ;  5.52124E+00 ;  1.18933E+00
 1.80118E+01 ;  5.57850E+00 ;  1.16331E+00
 1.80293E+01 ;  5.63478E+00 ;  1.13737E+00
 1.80467E+01 ;  5.69006E+00 ;  1.11153E+00
 1.80642E+01 ;  5.74435E+00 ;  1.08578E+00
 1.80816E+01 ;  5.79760E+00 ;  1.06013E+00
 1.80991E+01 ;  5.84984E+00 ;  1.03457E+00
 1.81165E+01 ;  5.90103E+00 ;  1.00910E+00
 1.81340E+01 ;  5.95117E+00 ;  9.83715E-01
 1.81514E+01 ;  6.00025E+00 ;  9.58422E-01
 1.81689E+01 ;  6.04826E+00 ;  9.33218E-01
 1.81863E+01 ;  6.09519E+00 ;  9.08094E-01
 1.82038E+01 ;  6.14103E+00 ;  8.83061E-01
 1.82212E+01 ;  6.18576E+00 ;  8.58113E-01
 1.82387E+01 ;  6.22939E+00 ;  8.33246E-01
 1.82561E+01 ;  6.27189E+00 ;  8.08463E-01
 1.82736E+01 ;  6.31326E+00 ;  7.83753E-01
 1.82910E+01 ;  6.35349E+00 ;  7.59127E-01
 1.83085E+01 ;  6.39258E+00 ;  7.34576E-01
 1.83260E+01 ;  6.43052E+00 ;  7.10101E-01
 1.83434E+01 ;  6.46728E+00 ;  6.85699E-01
 1.83609E+01 ;  6.50288E+00 ;  6.61363E-01
 1.83783E+01 ;  6.53730E+00 ;  6.37103E-01
 1.83958E+01 ;  6.57053E+00 ;  6.12908E-01
 1.84132E+01 ;  6.60257E+00 ;  5.88779E-01
 1.84307E+01 ;  6.63340E+00 ;  5.64714E-01
 1.84481E+01 ;  6.66303E+00 ;  5.40705E-01
 1.84656E+01 ;  6.69144E+00 ;  5.16761E-01
 1.84830E+01 ;  6.71864E+00 ;  4.92872E-01
 1.85005E+01 ;  6.74461E+00 ;  4.69039E-01
 1.85179E+01 ;  6.76935E+00 ;  4.45257E-01
 1.85354E+01 ;  6.79285E+00 ;  4.21521E-01
 1.85529E+01 ;  6.81511E+00 ;  3.97837E-01
 1.85703E+01 ;  6.83613E+00 ;  3.74198E-01
 1.85878E+01 ;  6.85589E+00 ;  3.50602E-01
 1.86052E+01 ;  6.87440E+00 ;  3.27046E-01
 1.86227E+01 ;  6.89165E+00 ;  3.03528E-01
 1.86401E+01 ;  6.90763E+00 ;  2.80045E-01
 1.86576E+01 ;  6.92236E+00 ;  2.56588E-01
 1.86750E+01 ;  6.93581E+00 ;  2.33168E-01
 1.86925E+01 ;  6.94799E+00 ;  2.09773E-01
 1.87099E+01 ;  6.95889E+00 ;  1.86404E-01
 1.87274E+01 ;  6.96852E+00 ;  1.63057E-01
 1.87448E+01 ;  6.97686E+00 ;  1.39723E-01
 1.87623E+01 ;  6.98393E+00 ;  1.16412E-01
 1.87797E+01 ;  6.98971E+00 ;  9.31130E-02
 1.87972E+01 ;  6.99421E+00 ;  6.98254E-02
 1.88146E+01 ;  6.99743E+00 ;  4.65471E-02
 1.88321E+01 ;  6.99936E+00 ;  2.32685E-02
 1.88496E+01 ;  7.00000E+00 ; -1.65306E-06
